"","a","t","c","g"
"1.",NA,NA,0,NA
"10",NA,NA,0,NA
"11",NA,NA,0,NA
"12",NA,NA,0,NA
"13",NA,NA,0,NA
"14",NA,NA,0,NA
"15",NA,NA,0,NA
"16",NA,NA,0,NA
"17",NA,NA,0,NA
"2.",NA,NA,0,NA
"3.",NA,NA,0,NA
"4.",NA,NA,0,NA
"5.",NA,NA,0,NA
"6.",NA,NA,0,NA
"7.",NA,NA,0,NA
"8.",NA,NA,0,NA
"9.",NA,NA,0,NA
"1.1",NA,NA,0,NA
"101",NA,NA,0,NA
"111",NA,NA,0,NA
"121",NA,NA,0,NA
"131",NA,NA,0,NA
"141",NA,NA,0,NA
"151",NA,NA,0,NA
"161",NA,NA,0,NA
"171",NA,NA,0,NA
"2.1",NA,NA,0,NA
"3.1",NA,NA,0,NA
"4.1",NA,NA,0,NA
"5.1",NA,NA,0,NA
"6.1",NA,NA,0,NA
"7.1",NA,NA,0,NA
"8.1",NA,NA,0,NA
"9.1",NA,NA,0,NA
